City,State,Region,Primary_Language,Script
City_1,Gujarat,West,Gujarati,Gujarati
City_2,Manipur,Northeast,Meitei,Meitei Mayek
City_3,Madhya Pradesh,Central,Hindi,Devanagari
City_4,Telangana,South,Telugu,Telugu
City_5,Punjab,North,Punjabi,Gurmukhi
City_6,Nagaland,Northeast,English,Latin
City_7,Gujarat,West,Gujarati,Gujarati
City_8,Chhattisgarh,Central,Hindi,Devanagari
City_9,Tripura,Northeast,Bengali,Bengali
City_10,Sikkim,Northeast,Nepali,Devanagari
City_11,Telangana,South,Telugu,Telugu
City_12,Telangana,South,Telugu,Telugu
City_13,Meghalaya,Northeast,Khasi,Latin
City_14,Nagaland,Northeast,English,Latin
City_15,Karnataka,South,Kannada,Kannada
City_16,Punjab,North,Punjabi,Gurmukhi
City_17,Meghalaya,Northeast,Khasi,Latin
City_18,West Bengal,East,Bengali,Bengali
City_19,Mizoram,Northeast,Mizo,Latin
City_20,Nagaland,Northeast,English,Latin
City_21,Maharashtra,West,Marathi,Devanagari
City_22,Meghalaya,Northeast,Khasi,Latin
City_23,Andhra Pradesh,South,Telugu,Telugu
City_24,Kerala,South,Malayalam,Malayalam
City_25,Maharashtra,West,Marathi,Devanagari
City_26,Nagaland,Northeast,English,Latin
City_27,Tamil Nadu,South,Tamil,Tamil
City_28,Andhra Pradesh,South,Telugu,Telugu
City_29,Chhattisgarh,Central,Hindi,Devanagari
City_30,Mizoram,Northeast,Mizo,Latin
City_31,Andhra Pradesh,South,Telugu,Telugu
City_32,Goa,West,Konkani,Devanagari
City_33,Himachal Pradesh,North,Hindi,Devanagari
City_34,Assam,Northeast,Assamese,Bengali
City_35,Jharkhand,East,Hindi,Devanagari
City_36,Madhya Pradesh,Central,Hindi,Devanagari
City_37,Madhya Pradesh,Central,Hindi,Devanagari
City_38,Tripura,Northeast,Bengali,Bengali
City_39,Andhra Pradesh,South,Telugu,Telugu
City_40,Sikkim,Northeast,Nepali,Devanagari
City_41,Manipur,Northeast,Meitei,Meitei Mayek
City_42,Goa,West,Konkani,Devanagari
City_43,West Bengal,East,Bengali,Bengali
City_44,Uttar Pradesh,North,Hindi,Devanagari
City_45,Tripura,Northeast,Bengali,Bengali
City_46,Gujarat,West,Gujarati,Gujarati
City_47,Nagaland,Northeast,English,Latin
City_48,Odisha,East,Odia,Odia
City_49,Gujarat,West,Gujarati,Gujarati
City_50,Uttarakhand,North,Hindi,Devanagari
City_51,Karnataka,South,Kannada,Kannada
City_52,Goa,West,Konkani,Devanagari
City_53,Rajasthan,North,Hindi,Devanagari
City_54,Uttarakhand,North,Hindi,Devanagari
City_55,Chhattisgarh,Central,Hindi,Devanagari
City_56,Odisha,East,Odia,Odia
City_57,Chhattisgarh,Central,Hindi,Devanagari
City_58,Nagaland,Northeast,English,Latin
City_59,Maharashtra,West,Marathi,Devanagari
City_60,Manipur,Northeast,Meitei,Meitei Mayek
City_61,Madhya Pradesh,Central,Hindi,Devanagari
City_62,Gujarat,West,Gujarati,Gujarati
City_63,Andhra Pradesh,South,Telugu,Telugu
City_64,Punjab,North,Punjabi,Gurmukhi
City_65,Madhya Pradesh,Central,Hindi,Devanagari
City_66,West Bengal,East,Bengali,Bengali
City_67,Rajasthan,North,Hindi,Devanagari
City_68,Himachal Pradesh,North,Hindi,Devanagari
City_69,Karnataka,South,Kannada,Kannada
City_70,Uttarakhand,North,Hindi,Devanagari
City_71,Punjab,North,Punjabi,Gurmukhi
City_72,Karnataka,South,Kannada,Kannada
City_73,Maharashtra,West,Marathi,Devanagari
City_74,Kerala,South,Malayalam,Malayalam
City_75,Mizoram,Northeast,Mizo,Latin
City_76,Assam,Northeast,Assamese,Bengali
City_77,Karnataka,South,Kannada,Kannada
City_78,Mizoram,Northeast,Mizo,Latin
City_79,Uttarakhand,North,Hindi,Devanagari
City_80,Chhattisgarh,Central,Hindi,Devanagari
City_81,Andhra Pradesh,South,Telugu,Telugu
City_82,Maharashtra,West,Marathi,Devanagari
City_83,Assam,Northeast,Assamese,Bengali
City_84,Karnataka,South,Kannada,Kannada
City_85,Rajasthan,North,Hindi,Devanagari
City_86,Jharkhand,East,Hindi,Devanagari
City_87,Madhya Pradesh,Central,Hindi,Devanagari
City_88,Punjab,North,Punjabi,Gurmukhi
City_89,Rajasthan,North,Hindi,Devanagari
City_90,Sikkim,Northeast,Nepali,Devanagari
City_91,Goa,West,Konkani,Devanagari
City_92,Punjab,North,Punjabi,Gurmukhi
City_93,Nagaland,Northeast,English,Latin
City_94,Jharkhand,East,Hindi,Devanagari
City_95,Bihar,East,Hindi,Devanagari
City_96,Uttarakhand,North,Hindi,Devanagari
City_97,Madhya Pradesh,Central,Hindi,Devanagari
City_98,Nagaland,Northeast,English,Latin
City_99,Meghalaya,Northeast,Khasi,Latin
City_100,Chhattisgarh,Central,Hindi,Devanagari
City_101,Goa,West,Konkani,Devanagari
City_102,Bihar,East,Hindi,Devanagari
City_103,Odisha,East,Odia,Odia
City_104,Madhya Pradesh,Central,Hindi,Devanagari
City_105,Bihar,East,Hindi,Devanagari
City_106,Tamil Nadu,South,Tamil,Tamil
City_107,Goa,West,Konkani,Devanagari
City_108,Gujarat,West,Gujarati,Gujarati
City_109,Odisha,East,Odia,Odia
City_110,Meghalaya,Northeast,Khasi,Latin
City_111,Tamil Nadu,South,Tamil,Tamil
City_112,Andhra Pradesh,South,Telugu,Telugu
City_113,Punjab,North,Punjabi,Gurmukhi
City_114,Meghalaya,Northeast,Khasi,Latin
City_115,Telangana,South,Telugu,Telugu
City_116,Tripura,Northeast,Bengali,Bengali
City_117,Himachal Pradesh,North,Hindi,Devanagari
City_118,Punjab,North,Punjabi,Gurmukhi
City_119,West Bengal,East,Bengali,Bengali
City_120,West Bengal,East,Bengali,Bengali
City_121,Tamil Nadu,South,Tamil,Tamil
City_122,Uttar Pradesh,North,Hindi,Devanagari
City_123,Assam,Northeast,Assamese,Bengali
City_124,Gujarat,West,Gujarati,Gujarati
City_125,Chhattisgarh,Central,Hindi,Devanagari
City_126,Odisha,East,Odia,Odia
City_127,Gujarat,West,Gujarati,Gujarati
City_128,Odisha,East,Odia,Odia
City_129,Punjab,North,Punjabi,Gurmukhi
City_130,Andhra Pradesh,South,Telugu,Telugu
City_131,Maharashtra,West,Marathi,Devanagari
City_132,Tamil Nadu,South,Tamil,Tamil
City_133,Jharkhand,East,Hindi,Devanagari
City_134,Sikkim,Northeast,Nepali,Devanagari
City_135,Sikkim,Northeast,Nepali,Devanagari
City_136,Meghalaya,Northeast,Khasi,Latin
City_137,Uttar Pradesh,North,Hindi,Devanagari
City_138,West Bengal,East,Bengali,Bengali
City_139,Andhra Pradesh,South,Telugu,Telugu
City_140,Punjab,North,Punjabi,Gurmukhi
City_141,Mizoram,Northeast,Mizo,Latin
City_142,West Bengal,East,Bengali,Bengali
City_143,Tamil Nadu,South,Tamil,Tamil
City_144,West Bengal,East,Bengali,Bengali
City_145,Uttar Pradesh,North,Hindi,Devanagari
City_146,Madhya Pradesh,Central,Hindi,Devanagari
City_147,Rajasthan,North,Hindi,Devanagari
City_148,West Bengal,East,Bengali,Bengali
City_149,Tamil Nadu,South,Tamil,Tamil
City_150,Uttar Pradesh,North,Hindi,Devanagari
City_151,Chhattisgarh,Central,Hindi,Devanagari
City_152,Sikkim,Northeast,Nepali,Devanagari
City_153,Rajasthan,North,Hindi,Devanagari
City_154,Gujarat,West,Gujarati,Gujarati
City_155,Odisha,East,Odia,Odia
City_156,Madhya Pradesh,Central,Hindi,Devanagari
City_157,Madhya Pradesh,Central,Hindi,Devanagari
City_158,Chhattisgarh,Central,Hindi,Devanagari
City_159,Assam,Northeast,Assamese,Bengali
City_160,Bihar,East,Hindi,Devanagari
City_161,Tripura,Northeast,Bengali,Bengali
City_162,Gujarat,West,Gujarati,Gujarati
City_163,Himachal Pradesh,North,Hindi,Devanagari
City_164,Manipur,Northeast,Meitei,Meitei Mayek
City_165,Karnataka,South,Kannada,Kannada
City_166,Uttar Pradesh,North,Hindi,Devanagari
City_167,Sikkim,Northeast,Nepali,Devanagari
City_168,Gujarat,West,Gujarati,Gujarati
City_169,Bihar,East,Hindi,Devanagari
City_170,Madhya Pradesh,Central,Hindi,Devanagari
City_171,Telangana,South,Telugu,Telugu
City_172,Karnataka,South,Kannada,Kannada
City_173,Bihar,East,Hindi,Devanagari
City_174,Gujarat,West,Gujarati,Gujarati
City_175,Tripura,Northeast,Bengali,Bengali
City_176,Mizoram,Northeast,Mizo,Latin
City_177,Maharashtra,West,Marathi,Devanagari
City_178,Assam,Northeast,Assamese,Bengali
City_179,Bihar,East,Hindi,Devanagari
City_180,Goa,West,Konkani,Devanagari
City_181,Nagaland,Northeast,English,Latin
City_182,Kerala,South,Malayalam,Malayalam
City_183,Andhra Pradesh,South,Telugu,Telugu
City_184,Andhra Pradesh,South,Telugu,Telugu
City_185,Manipur,Northeast,Meitei,Meitei Mayek
City_186,Telangana,South,Telugu,Telugu
City_187,Chhattisgarh,Central,Hindi,Devanagari
City_188,Sikkim,Northeast,Nepali,Devanagari
City_189,Goa,West,Konkani,Devanagari
City_190,Gujarat,West,Gujarati,Gujarati
City_191,Tamil Nadu,South,Tamil,Tamil
City_192,Tamil Nadu,South,Tamil,Tamil
City_193,Goa,West,Konkani,Devanagari
City_194,Goa,West,Konkani,Devanagari
City_195,Manipur,Northeast,Meitei,Meitei Mayek
City_196,Bihar,East,Hindi,Devanagari
City_197,Odisha,East,Odia,Odia
City_198,West Bengal,East,Bengali,Bengali
City_199,Gujarat,West,Gujarati,Gujarati
City_200,Kerala,South,Malayalam,Malayalam
City_201,Punjab,North,Punjabi,Gurmukhi
City_202,Odisha,East,Odia,Odia
City_203,Uttar Pradesh,North,Hindi,Devanagari
City_204,Tamil Nadu,South,Tamil,Tamil
City_205,Tripura,Northeast,Bengali,Bengali
City_206,Assam,Northeast,Assamese,Bengali
City_207,Andhra Pradesh,South,Telugu,Telugu
City_208,Meghalaya,Northeast,Khasi,Latin
City_209,Madhya Pradesh,Central,Hindi,Devanagari
City_210,Mizoram,Northeast,Mizo,Latin
City_211,Meghalaya,Northeast,Khasi,Latin
City_212,Odisha,East,Odia,Odia
City_213,Manipur,Northeast,Meitei,Meitei Mayek
City_214,Himachal Pradesh,North,Hindi,Devanagari
City_215,Himachal Pradesh,North,Hindi,Devanagari
City_216,Chhattisgarh,Central,Hindi,Devanagari
City_217,Manipur,Northeast,Meitei,Meitei Mayek
City_218,Andhra Pradesh,South,Telugu,Telugu
City_219,Gujarat,West,Gujarati,Gujarati
City_220,Maharashtra,West,Marathi,Devanagari
City_221,West Bengal,East,Bengali,Bengali
City_222,Himachal Pradesh,North,Hindi,Devanagari
City_223,Uttar Pradesh,North,Hindi,Devanagari
City_224,Himachal Pradesh,North,Hindi,Devanagari
City_225,Meghalaya,Northeast,Khasi,Latin
City_226,Himachal Pradesh,North,Hindi,Devanagari
City_227,Himachal Pradesh,North,Hindi,Devanagari
City_228,Maharashtra,West,Marathi,Devanagari
City_229,Maharashtra,West,Marathi,Devanagari
City_230,Mizoram,Northeast,Mizo,Latin
City_231,Sikkim,Northeast,Nepali,Devanagari
City_232,Uttar Pradesh,North,Hindi,Devanagari
City_233,Tamil Nadu,South,Tamil,Tamil
City_234,Tamil Nadu,South,Tamil,Tamil
City_235,Tripura,Northeast,Bengali,Bengali
City_236,Maharashtra,West,Marathi,Devanagari
City_237,Nagaland,Northeast,English,Latin
City_238,Andhra Pradesh,South,Telugu,Telugu
City_239,Chhattisgarh,Central,Hindi,Devanagari
City_240,Kerala,South,Malayalam,Malayalam
City_241,Sikkim,Northeast,Nepali,Devanagari
City_242,Karnataka,South,Kannada,Kannada
City_243,Sikkim,Northeast,Nepali,Devanagari
City_244,Telangana,South,Telugu,Telugu
City_245,Meghalaya,Northeast,Khasi,Latin
City_246,Himachal Pradesh,North,Hindi,Devanagari
City_247,Kerala,South,Malayalam,Malayalam
City_248,Meghalaya,Northeast,Khasi,Latin
City_249,Uttar Pradesh,North,Hindi,Devanagari
City_250,Manipur,Northeast,Meitei,Meitei Mayek
City_251,Maharashtra,West,Marathi,Devanagari
City_252,Kerala,South,Malayalam,Malayalam
City_253,Mizoram,Northeast,Mizo,Latin
City_254,Telangana,South,Telugu,Telugu
City_255,Jharkhand,East,Hindi,Devanagari
City_256,Jharkhand,East,Hindi,Devanagari
City_257,Tamil Nadu,South,Tamil,Tamil
City_258,Odisha,East,Odia,Odia
City_259,Kerala,South,Malayalam,Malayalam
City_260,Jharkhand,East,Hindi,Devanagari
City_261,West Bengal,East,Bengali,Bengali
City_262,Manipur,Northeast,Meitei,Meitei Mayek
City_263,Karnataka,South,Kannada,Kannada
City_264,Tripura,Northeast,Bengali,Bengali
City_265,Chhattisgarh,Central,Hindi,Devanagari
City_266,West Bengal,East,Bengali,Bengali
City_267,Tripura,Northeast,Bengali,Bengali
City_268,Manipur,Northeast,Meitei,Meitei Mayek
City_269,Gujarat,West,Gujarati,Gujarati
City_270,Manipur,Northeast,Meitei,Meitei Mayek
City_271,Odisha,East,Odia,Odia
City_272,Tamil Nadu,South,Tamil,Tamil
City_273,Punjab,North,Punjabi,Gurmukhi
City_274,Gujarat,West,Gujarati,Gujarati
City_275,Uttarakhand,North,Hindi,Devanagari
City_276,Punjab,North,Punjabi,Gurmukhi
City_277,Tamil Nadu,South,Tamil,Tamil
City_278,Telangana,South,Telugu,Telugu
City_279,Goa,West,Konkani,Devanagari
City_280,Goa,West,Konkani,Devanagari
City_281,Uttarakhand,North,Hindi,Devanagari
City_282,Sikkim,Northeast,Nepali,Devanagari
City_283,Assam,Northeast,Assamese,Bengali
City_284,West Bengal,East,Bengali,Bengali
City_285,Gujarat,West,Gujarati,Gujarati
City_286,Jharkhand,East,Hindi,Devanagari
City_287,Chhattisgarh,Central,Hindi,Devanagari
City_288,Jharkhand,East,Hindi,Devanagari
City_289,Goa,West,Konkani,Devanagari
City_290,Manipur,Northeast,Meitei,Meitei Mayek
City_291,Himachal Pradesh,North,Hindi,Devanagari
City_292,Maharashtra,West,Marathi,Devanagari
City_293,Tamil Nadu,South,Tamil,Tamil
City_294,Jharkhand,East,Hindi,Devanagari
City_295,Andhra Pradesh,South,Telugu,Telugu
City_296,Uttar Pradesh,North,Hindi,Devanagari
City_297,Uttar Pradesh,North,Hindi,Devanagari
City_298,Sikkim,Northeast,Nepali,Devanagari
City_299,Odisha,East,Odia,Odia
City_300,Odisha,East,Odia,Odia
City_301,West Bengal,East,Bengali,Bengali
City_302,Tripura,Northeast,Bengali,Bengali
City_303,Jharkhand,East,Hindi,Devanagari
City_304,Jharkhand,East,Hindi,Devanagari
City_305,West Bengal,East,Bengali,Bengali
City_306,Manipur,Northeast,Meitei,Meitei Mayek
City_307,Meghalaya,Northeast,Khasi,Latin
City_308,Mizoram,Northeast,Mizo,Latin
City_309,Meghalaya,Northeast,Khasi,Latin
City_310,Tamil Nadu,South,Tamil,Tamil
City_311,Meghalaya,Northeast,Khasi,Latin
City_312,Manipur,Northeast,Meitei,Meitei Mayek
City_313,Telangana,South,Telugu,Telugu
City_314,Himachal Pradesh,North,Hindi,Devanagari
City_315,Punjab,North,Punjabi,Gurmukhi
City_316,Karnataka,South,Kannada,Kannada
City_317,Kerala,South,Malayalam,Malayalam
City_318,Punjab,North,Punjabi,Gurmukhi
City_319,Manipur,Northeast,Meitei,Meitei Mayek
City_320,West Bengal,East,Bengali,Bengali
City_321,Jharkhand,East,Hindi,Devanagari
City_322,Goa,West,Konkani,Devanagari
City_323,West Bengal,East,Bengali,Bengali
City_324,Goa,West,Konkani,Devanagari
City_325,Uttarakhand,North,Hindi,Devanagari
City_326,Rajasthan,North,Hindi,Devanagari
City_327,Uttarakhand,North,Hindi,Devanagari
City_328,Maharashtra,West,Marathi,Devanagari
City_329,Mizoram,Northeast,Mizo,Latin
City_330,West Bengal,East,Bengali,Bengali
City_331,Jharkhand,East,Hindi,Devanagari
City_332,Odisha,East,Odia,Odia
City_333,Karnataka,South,Kannada,Kannada
City_334,Tamil Nadu,South,Tamil,Tamil
City_335,Karnataka,South,Kannada,Kannada
City_336,Tamil Nadu,South,Tamil,Tamil
City_337,Rajasthan,North,Hindi,Devanagari
City_338,Nagaland,Northeast,English,Latin
City_339,Jharkhand,East,Hindi,Devanagari
City_340,Manipur,Northeast,Meitei,Meitei Mayek
City_341,Meghalaya,Northeast,Khasi,Latin
City_342,Punjab,North,Punjabi,Gurmukhi
City_343,Gujarat,West,Gujarati,Gujarati
City_344,West Bengal,East,Bengali,Bengali
City_345,Himachal Pradesh,North,Hindi,Devanagari
City_346,Tamil Nadu,South,Tamil,Tamil
City_347,Jharkhand,East,Hindi,Devanagari
City_348,Andhra Pradesh,South,Telugu,Telugu
City_349,Tripura,Northeast,Bengali,Bengali
City_350,Mizoram,Northeast,Mizo,Latin
City_351,Sikkim,Northeast,Nepali,Devanagari
City_352,Mizoram,Northeast,Mizo,Latin
City_353,Rajasthan,North,Hindi,Devanagari
City_354,Kerala,South,Malayalam,Malayalam
City_355,Kerala,South,Malayalam,Malayalam
City_356,Bihar,East,Hindi,Devanagari
City_357,Tripura,Northeast,Bengali,Bengali
City_358,Mizoram,Northeast,Mizo,Latin
City_359,Punjab,North,Punjabi,Gurmukhi
City_360,Maharashtra,West,Marathi,Devanagari
City_361,Nagaland,Northeast,English,Latin
City_362,Tamil Nadu,South,Tamil,Tamil
City_363,Madhya Pradesh,Central,Hindi,Devanagari
City_364,Tamil Nadu,South,Tamil,Tamil
City_365,Uttar Pradesh,North,Hindi,Devanagari
City_366,Jharkhand,East,Hindi,Devanagari
City_367,Tripura,Northeast,Bengali,Bengali
City_368,Karnataka,South,Kannada,Kannada
City_369,West Bengal,East,Bengali,Bengali
City_370,Himachal Pradesh,North,Hindi,Devanagari
City_371,Himachal Pradesh,North,Hindi,Devanagari
City_372,Andhra Pradesh,South,Telugu,Telugu
City_373,Rajasthan,North,Hindi,Devanagari
City_374,Nagaland,Northeast,English,Latin
City_375,Kerala,South,Malayalam,Malayalam
City_376,West Bengal,East,Bengali,Bengali
City_377,Odisha,East,Odia,Odia
City_378,Uttar Pradesh,North,Hindi,Devanagari
City_379,Meghalaya,Northeast,Khasi,Latin
City_380,Himachal Pradesh,North,Hindi,Devanagari
City_381,Rajasthan,North,Hindi,Devanagari
City_382,Nagaland,Northeast,English,Latin
City_383,West Bengal,East,Bengali,Bengali
City_384,Tamil Nadu,South,Tamil,Tamil
City_385,Manipur,Northeast,Meitei,Meitei Mayek
City_386,Nagaland,Northeast,English,Latin
City_387,Sikkim,Northeast,Nepali,Devanagari
City_388,Tamil Nadu,South,Tamil,Tamil
City_389,West Bengal,East,Bengali,Bengali
City_390,Uttarakhand,North,Hindi,Devanagari
City_391,Goa,West,Konkani,Devanagari
City_392,Assam,Northeast,Assamese,Bengali
City_393,Mizoram,Northeast,Mizo,Latin
City_394,Chhattisgarh,Central,Hindi,Devanagari
City_395,West Bengal,East,Bengali,Bengali
City_396,Punjab,North,Punjabi,Gurmukhi
City_397,Rajasthan,North,Hindi,Devanagari
City_398,Meghalaya,Northeast,Khasi,Latin
City_399,Uttarakhand,North,Hindi,Devanagari
City_400,Madhya Pradesh,Central,Hindi,Devanagari
City_401,Mizoram,Northeast,Mizo,Latin
City_402,Sikkim,Northeast,Nepali,Devanagari
City_403,Maharashtra,West,Marathi,Devanagari
City_404,Assam,Northeast,Assamese,Bengali
City_405,Maharashtra,West,Marathi,Devanagari
City_406,Chhattisgarh,Central,Hindi,Devanagari
City_407,Himachal Pradesh,North,Hindi,Devanagari
City_408,Punjab,North,Punjabi,Gurmukhi
City_409,Tamil Nadu,South,Tamil,Tamil
City_410,Odisha,East,Odia,Odia
City_411,Telangana,South,Telugu,Telugu
City_412,Mizoram,Northeast,Mizo,Latin
City_413,Jharkhand,East,Hindi,Devanagari
City_414,Gujarat,West,Gujarati,Gujarati
City_415,Assam,Northeast,Assamese,Bengali
City_416,Sikkim,Northeast,Nepali,Devanagari
City_417,Chhattisgarh,Central,Hindi,Devanagari
City_418,West Bengal,East,Bengali,Bengali
City_419,Uttarakhand,North,Hindi,Devanagari
City_420,Goa,West,Konkani,Devanagari
City_421,Meghalaya,Northeast,Khasi,Latin
City_422,Bihar,East,Hindi,Devanagari
City_423,Chhattisgarh,Central,Hindi,Devanagari
City_424,Gujarat,West,Gujarati,Gujarati
City_425,Goa,West,Konkani,Devanagari
City_426,Karnataka,South,Kannada,Kannada
City_427,Bihar,East,Hindi,Devanagari
City_428,Manipur,Northeast,Meitei,Meitei Mayek
City_429,Tamil Nadu,South,Tamil,Tamil
City_430,Punjab,North,Punjabi,Gurmukhi
City_431,Rajasthan,North,Hindi,Devanagari
City_432,Jharkhand,East,Hindi,Devanagari
City_433,Rajasthan,North,Hindi,Devanagari
City_434,Andhra Pradesh,South,Telugu,Telugu
City_435,Tripura,Northeast,Bengali,Bengali
City_436,Sikkim,Northeast,Nepali,Devanagari
City_437,Madhya Pradesh,Central,Hindi,Devanagari
City_438,Maharashtra,West,Marathi,Devanagari
City_439,Maharashtra,West,Marathi,Devanagari
City_440,Sikkim,Northeast,Nepali,Devanagari
City_441,Mizoram,Northeast,Mizo,Latin
City_442,Tripura,Northeast,Bengali,Bengali
City_443,Goa,West,Konkani,Devanagari
City_444,Chhattisgarh,Central,Hindi,Devanagari
City_445,Mizoram,Northeast,Mizo,Latin
City_446,Chhattisgarh,Central,Hindi,Devanagari
City_447,Chhattisgarh,Central,Hindi,Devanagari
City_448,Mizoram,Northeast,Mizo,Latin
City_449,Himachal Pradesh,North,Hindi,Devanagari
City_450,Manipur,Northeast,Meitei,Meitei Mayek
City_451,Assam,Northeast,Assamese,Bengali
City_452,Kerala,South,Malayalam,Malayalam
City_453,Madhya Pradesh,Central,Hindi,Devanagari
City_454,Mizoram,Northeast,Mizo,Latin
City_455,Telangana,South,Telugu,Telugu
City_456,Uttar Pradesh,North,Hindi,Devanagari
City_457,Tamil Nadu,South,Tamil,Tamil
City_458,Punjab,North,Punjabi,Gurmukhi
City_459,Nagaland,Northeast,English,Latin
City_460,Andhra Pradesh,South,Telugu,Telugu
City_461,Andhra Pradesh,South,Telugu,Telugu
City_462,Uttar Pradesh,North,Hindi,Devanagari
City_463,Gujarat,West,Gujarati,Gujarati
City_464,Karnataka,South,Kannada,Kannada
City_465,Kerala,South,Malayalam,Malayalam
City_466,Bihar,East,Hindi,Devanagari
City_467,Manipur,Northeast,Meitei,Meitei Mayek
City_468,Madhya Pradesh,Central,Hindi,Devanagari
City_469,West Bengal,East,Bengali,Bengali
City_470,Sikkim,Northeast,Nepali,Devanagari
City_471,Punjab,North,Punjabi,Gurmukhi
City_472,Manipur,Northeast,Meitei,Meitei Mayek
City_473,Jharkhand,East,Hindi,Devanagari
City_474,Bihar,East,Hindi,Devanagari
City_475,Uttarakhand,North,Hindi,Devanagari
City_476,Assam,Northeast,Assamese,Bengali
City_477,Tripura,Northeast,Bengali,Bengali
City_478,Himachal Pradesh,North,Hindi,Devanagari
City_479,Meghalaya,Northeast,Khasi,Latin
City_480,Tripura,Northeast,Bengali,Bengali
City_481,Chhattisgarh,Central,Hindi,Devanagari
City_482,Sikkim,Northeast,Nepali,Devanagari
City_483,Chhattisgarh,Central,Hindi,Devanagari
City_484,Uttar Pradesh,North,Hindi,Devanagari
City_485,Chhattisgarh,Central,Hindi,Devanagari
City_486,Nagaland,Northeast,English,Latin
City_487,Sikkim,Northeast,Nepali,Devanagari
City_488,Odisha,East,Odia,Odia
City_489,Andhra Pradesh,South,Telugu,Telugu
City_490,Nagaland,Northeast,English,Latin
City_491,Tamil Nadu,South,Tamil,Tamil
City_492,Chhattisgarh,Central,Hindi,Devanagari
City_493,Chhattisgarh,Central,Hindi,Devanagari
City_494,Tamil Nadu,South,Tamil,Tamil
City_495,Madhya Pradesh,Central,Hindi,Devanagari
City_496,Maharashtra,West,Marathi,Devanagari
City_497,Mizoram,Northeast,Mizo,Latin
City_498,Jharkhand,East,Hindi,Devanagari
City_499,Goa,West,Konkani,Devanagari
City_500,Punjab,North,Punjabi,Gurmukhi
City_501,Bihar,East,Hindi,Devanagari
City_502,Nagaland,Northeast,English,Latin
City_503,Tamil Nadu,South,Tamil,Tamil
City_504,Jharkhand,East,Hindi,Devanagari
City_505,Gujarat,West,Gujarati,Gujarati
City_506,Uttar Pradesh,North,Hindi,Devanagari
City_507,Mizoram,Northeast,Mizo,Latin
City_508,Sikkim,Northeast,Nepali,Devanagari
City_509,West Bengal,East,Bengali,Bengali
City_510,Andhra Pradesh,South,Telugu,Telugu
City_511,Chhattisgarh,Central,Hindi,Devanagari
City_512,Jharkhand,East,Hindi,Devanagari
City_513,Tripura,Northeast,Bengali,Bengali
City_514,Uttar Pradesh,North,Hindi,Devanagari
City_515,Mizoram,Northeast,Mizo,Latin
City_516,Goa,West,Konkani,Devanagari
City_517,Rajasthan,North,Hindi,Devanagari
City_518,Uttar Pradesh,North,Hindi,Devanagari
City_519,Madhya Pradesh,Central,Hindi,Devanagari
City_520,Himachal Pradesh,North,Hindi,Devanagari
City_521,Rajasthan,North,Hindi,Devanagari
City_522,Manipur,Northeast,Meitei,Meitei Mayek
City_523,Uttar Pradesh,North,Hindi,Devanagari
City_524,Andhra Pradesh,South,Telugu,Telugu
City_525,Jharkhand,East,Hindi,Devanagari
City_526,Chhattisgarh,Central,Hindi,Devanagari
City_527,Chhattisgarh,Central,Hindi,Devanagari
City_528,Jharkhand,East,Hindi,Devanagari
City_529,Nagaland,Northeast,English,Latin
City_530,Gujarat,West,Gujarati,Gujarati
City_531,Karnataka,South,Kannada,Kannada
City_532,Tamil Nadu,South,Tamil,Tamil
City_533,Uttar Pradesh,North,Hindi,Devanagari
City_534,Sikkim,Northeast,Nepali,Devanagari
City_535,Chhattisgarh,Central,Hindi,Devanagari
City_536,Assam,Northeast,Assamese,Bengali
City_537,Mizoram,Northeast,Mizo,Latin
City_538,Uttar Pradesh,North,Hindi,Devanagari
City_539,Karnataka,South,Kannada,Kannada
City_540,Maharashtra,West,Marathi,Devanagari
City_541,Manipur,Northeast,Meitei,Meitei Mayek
City_542,Assam,Northeast,Assamese,Bengali
City_543,Chhattisgarh,Central,Hindi,Devanagari
City_544,Tripura,Northeast,Bengali,Bengali
City_545,Chhattisgarh,Central,Hindi,Devanagari
City_546,Tamil Nadu,South,Tamil,Tamil
City_547,Meghalaya,Northeast,Khasi,Latin
City_548,Uttar Pradesh,North,Hindi,Devanagari
City_549,Bihar,East,Hindi,Devanagari
City_550,Karnataka,South,Kannada,Kannada
City_551,Jharkhand,East,Hindi,Devanagari
City_552,Meghalaya,Northeast,Khasi,Latin
City_553,Jharkhand,East,Hindi,Devanagari
City_554,Sikkim,Northeast,Nepali,Devanagari
City_555,Maharashtra,West,Marathi,Devanagari
City_556,Himachal Pradesh,North,Hindi,Devanagari
City_557,Manipur,Northeast,Meitei,Meitei Mayek
City_558,Meghalaya,Northeast,Khasi,Latin
City_559,Andhra Pradesh,South,Telugu,Telugu
City_560,Uttarakhand,North,Hindi,Devanagari
City_561,West Bengal,East,Bengali,Bengali
City_562,Tamil Nadu,South,Tamil,Tamil
City_563,Tamil Nadu,South,Tamil,Tamil
City_564,Tripura,Northeast,Bengali,Bengali
City_565,Telangana,South,Telugu,Telugu
City_566,Uttar Pradesh,North,Hindi,Devanagari
City_567,Andhra Pradesh,South,Telugu,Telugu
City_568,West Bengal,East,Bengali,Bengali
City_569,Tamil Nadu,South,Tamil,Tamil
City_570,Tamil Nadu,South,Tamil,Tamil
City_571,Punjab,North,Punjabi,Gurmukhi
City_572,Assam,Northeast,Assamese,Bengali
City_573,Telangana,South,Telugu,Telugu
City_574,Andhra Pradesh,South,Telugu,Telugu
City_575,Bihar,East,Hindi,Devanagari
City_576,Andhra Pradesh,South,Telugu,Telugu
City_577,Rajasthan,North,Hindi,Devanagari
City_578,Maharashtra,West,Marathi,Devanagari
City_579,Tripura,Northeast,Bengali,Bengali
City_580,Uttarakhand,North,Hindi,Devanagari
City_581,West Bengal,East,Bengali,Bengali
City_582,Sikkim,Northeast,Nepali,Devanagari
City_583,Himachal Pradesh,North,Hindi,Devanagari
City_584,Chhattisgarh,Central,Hindi,Devanagari
City_585,Punjab,North,Punjabi,Gurmukhi
City_586,Chhattisgarh,Central,Hindi,Devanagari
City_587,Assam,Northeast,Assamese,Bengali
City_588,Chhattisgarh,Central,Hindi,Devanagari
City_589,Maharashtra,West,Marathi,Devanagari
City_590,Tripura,Northeast,Bengali,Bengali
City_591,Odisha,East,Odia,Odia
City_592,Gujarat,West,Gujarati,Gujarati
City_593,Karnataka,South,Kannada,Kannada
City_594,Chhattisgarh,Central,Hindi,Devanagari
City_595,Nagaland,Northeast,English,Latin
City_596,Uttarakhand,North,Hindi,Devanagari
City_597,Bihar,East,Hindi,Devanagari
City_598,Telangana,South,Telugu,Telugu
City_599,Meghalaya,Northeast,Khasi,Latin
City_600,Karnataka,South,Kannada,Kannada
City_601,Goa,West,Konkani,Devanagari
City_602,Nagaland,Northeast,English,Latin
City_603,Goa,West,Konkani,Devanagari
City_604,Karnataka,South,Kannada,Kannada
City_605,Assam,Northeast,Assamese,Bengali
City_606,Uttar Pradesh,North,Hindi,Devanagari
City_607,Odisha,East,Odia,Odia
City_608,Meghalaya,Northeast,Khasi,Latin
City_609,West Bengal,East,Bengali,Bengali
City_610,Himachal Pradesh,North,Hindi,Devanagari
City_611,West Bengal,East,Bengali,Bengali
City_612,Jharkhand,East,Hindi,Devanagari
City_613,Karnataka,South,Kannada,Kannada
City_614,Uttarakhand,North,Hindi,Devanagari
City_615,Himachal Pradesh,North,Hindi,Devanagari
City_616,Gujarat,West,Gujarati,Gujarati
City_617,Meghalaya,Northeast,Khasi,Latin
City_618,Sikkim,Northeast,Nepali,Devanagari
City_619,Uttar Pradesh,North,Hindi,Devanagari
City_620,Andhra Pradesh,South,Telugu,Telugu
City_621,Himachal Pradesh,North,Hindi,Devanagari
City_622,Sikkim,Northeast,Nepali,Devanagari
City_623,Bihar,East,Hindi,Devanagari
City_624,Sikkim,Northeast,Nepali,Devanagari
City_625,Goa,West,Konkani,Devanagari
City_626,West Bengal,East,Bengali,Bengali
City_627,Odisha,East,Odia,Odia
City_628,Himachal Pradesh,North,Hindi,Devanagari
City_629,Himachal Pradesh,North,Hindi,Devanagari
City_630,Manipur,Northeast,Meitei,Meitei Mayek
City_631,Jharkhand,East,Hindi,Devanagari
City_632,Goa,West,Konkani,Devanagari
City_633,Mizoram,Northeast,Mizo,Latin
City_634,Bihar,East,Hindi,Devanagari
City_635,Tripura,Northeast,Bengali,Bengali
City_636,Himachal Pradesh,North,Hindi,Devanagari
City_637,Karnataka,South,Kannada,Kannada
City_638,Andhra Pradesh,South,Telugu,Telugu
City_639,Odisha,East,Odia,Odia
City_640,Tripura,Northeast,Bengali,Bengali
City_641,Andhra Pradesh,South,Telugu,Telugu
City_642,Odisha,East,Odia,Odia
City_643,Gujarat,West,Gujarati,Gujarati
City_644,Rajasthan,North,Hindi,Devanagari
City_645,Manipur,Northeast,Meitei,Meitei Mayek
City_646,Tripura,Northeast,Bengali,Bengali
City_647,Chhattisgarh,Central,Hindi,Devanagari
City_648,Madhya Pradesh,Central,Hindi,Devanagari
City_649,Jharkhand,East,Hindi,Devanagari
City_650,Nagaland,Northeast,English,Latin
City_651,Uttar Pradesh,North,Hindi,Devanagari
City_652,West Bengal,East,Bengali,Bengali
City_653,Andhra Pradesh,South,Telugu,Telugu
City_654,Goa,West,Konkani,Devanagari
City_655,Manipur,Northeast,Meitei,Meitei Mayek
City_656,Nagaland,Northeast,English,Latin
City_657,Karnataka,South,Kannada,Kannada
City_658,Nagaland,Northeast,English,Latin
City_659,Sikkim,Northeast,Nepali,Devanagari
City_660,Jharkhand,East,Hindi,Devanagari
City_661,Goa,West,Konkani,Devanagari
City_662,Gujarat,West,Gujarati,Gujarati
City_663,Bihar,East,Hindi,Devanagari
City_664,Nagaland,Northeast,English,Latin
City_665,Assam,Northeast,Assamese,Bengali
City_666,Chhattisgarh,Central,Hindi,Devanagari
City_667,Gujarat,West,Gujarati,Gujarati
City_668,Rajasthan,North,Hindi,Devanagari
City_669,Chhattisgarh,Central,Hindi,Devanagari
City_670,Uttar Pradesh,North,Hindi,Devanagari
City_671,West Bengal,East,Bengali,Bengali
City_672,Sikkim,Northeast,Nepali,Devanagari
City_673,Telangana,South,Telugu,Telugu
City_674,Telangana,South,Telugu,Telugu
City_675,Uttarakhand,North,Hindi,Devanagari
City_676,Madhya Pradesh,Central,Hindi,Devanagari
City_677,Andhra Pradesh,South,Telugu,Telugu
City_678,Odisha,East,Odia,Odia
City_679,Assam,Northeast,Assamese,Bengali
City_680,Chhattisgarh,Central,Hindi,Devanagari
City_681,Andhra Pradesh,South,Telugu,Telugu
City_682,Himachal Pradesh,North,Hindi,Devanagari
City_683,Kerala,South,Malayalam,Malayalam
City_684,Gujarat,West,Gujarati,Gujarati
City_685,Rajasthan,North,Hindi,Devanagari
City_686,Bihar,East,Hindi,Devanagari
City_687,Punjab,North,Punjabi,Gurmukhi
City_688,Assam,Northeast,Assamese,Bengali
City_689,Odisha,East,Odia,Odia
City_690,Uttarakhand,North,Hindi,Devanagari
City_691,Chhattisgarh,Central,Hindi,Devanagari
City_692,Maharashtra,West,Marathi,Devanagari
City_693,Uttar Pradesh,North,Hindi,Devanagari
City_694,Uttar Pradesh,North,Hindi,Devanagari
City_695,Kerala,South,Malayalam,Malayalam
City_696,Tripura,Northeast,Bengali,Bengali
City_697,Punjab,North,Punjabi,Gurmukhi
City_698,Jharkhand,East,Hindi,Devanagari
City_699,Bihar,East,Hindi,Devanagari
City_700,Tamil Nadu,South,Tamil,Tamil
City_701,Mizoram,Northeast,Mizo,Latin
City_702,Manipur,Northeast,Meitei,Meitei Mayek
City_703,Himachal Pradesh,North,Hindi,Devanagari
City_704,Gujarat,West,Gujarati,Gujarati
City_705,Goa,West,Konkani,Devanagari
City_706,Bihar,East,Hindi,Devanagari
City_707,Karnataka,South,Kannada,Kannada
City_708,Karnataka,South,Kannada,Kannada
City_709,Kerala,South,Malayalam,Malayalam
City_710,Tripura,Northeast,Bengali,Bengali
City_711,Andhra Pradesh,South,Telugu,Telugu
City_712,Mizoram,Northeast,Mizo,Latin
City_713,Gujarat,West,Gujarati,Gujarati
City_714,Assam,Northeast,Assamese,Bengali
City_715,Chhattisgarh,Central,Hindi,Devanagari
City_716,Tripura,Northeast,Bengali,Bengali
City_717,Gujarat,West,Gujarati,Gujarati
City_718,West Bengal,East,Bengali,Bengali
City_719,Bihar,East,Hindi,Devanagari
City_720,Bihar,East,Hindi,Devanagari
City_721,Uttarakhand,North,Hindi,Devanagari
City_722,Chhattisgarh,Central,Hindi,Devanagari
City_723,Manipur,Northeast,Meitei,Meitei Mayek
City_724,Punjab,North,Punjabi,Gurmukhi
City_725,Odisha,East,Odia,Odia
City_726,Gujarat,West,Gujarati,Gujarati
City_727,Tamil Nadu,South,Tamil,Tamil
City_728,West Bengal,East,Bengali,Bengali
City_729,Bihar,East,Hindi,Devanagari
City_730,Goa,West,Konkani,Devanagari
City_731,Himachal Pradesh,North,Hindi,Devanagari
City_732,Goa,West,Konkani,Devanagari
City_733,Meghalaya,Northeast,Khasi,Latin
City_734,Tamil Nadu,South,Tamil,Tamil
City_735,Kerala,South,Malayalam,Malayalam
City_736,Nagaland,Northeast,English,Latin
City_737,Kerala,South,Malayalam,Malayalam
City_738,Chhattisgarh,Central,Hindi,Devanagari
City_739,Andhra Pradesh,South,Telugu,Telugu
City_740,Bihar,East,Hindi,Devanagari
City_741,Bihar,East,Hindi,Devanagari
City_742,Madhya Pradesh,Central,Hindi,Devanagari
City_743,Nagaland,Northeast,English,Latin
City_744,Jharkhand,East,Hindi,Devanagari
City_745,Mizoram,Northeast,Mizo,Latin
City_746,Nagaland,Northeast,English,Latin
City_747,Telangana,South,Telugu,Telugu
City_748,Uttar Pradesh,North,Hindi,Devanagari
City_749,Karnataka,South,Kannada,Kannada
City_750,West Bengal,East,Bengali,Bengali
City_751,Tripura,Northeast,Bengali,Bengali
City_752,Manipur,Northeast,Meitei,Meitei Mayek
City_753,Goa,West,Konkani,Devanagari
City_754,Uttarakhand,North,Hindi,Devanagari
City_755,Madhya Pradesh,Central,Hindi,Devanagari
City_756,Odisha,East,Odia,Odia
City_757,Himachal Pradesh,North,Hindi,Devanagari
City_758,Rajasthan,North,Hindi,Devanagari
City_759,Madhya Pradesh,Central,Hindi,Devanagari
City_760,Tamil Nadu,South,Tamil,Tamil
City_761,Nagaland,Northeast,English,Latin
City_762,Mizoram,Northeast,Mizo,Latin
City_763,Mizoram,Northeast,Mizo,Latin
City_764,West Bengal,East,Bengali,Bengali
City_765,Jharkhand,East,Hindi,Devanagari
City_766,Sikkim,Northeast,Nepali,Devanagari
City_767,Goa,West,Konkani,Devanagari
City_768,Telangana,South,Telugu,Telugu
City_769,Andhra Pradesh,South,Telugu,Telugu
City_770,Assam,Northeast,Assamese,Bengali
City_771,Jharkhand,East,Hindi,Devanagari
City_772,Punjab,North,Punjabi,Gurmukhi
City_773,Kerala,South,Malayalam,Malayalam
City_774,Andhra Pradesh,South,Telugu,Telugu
City_775,Meghalaya,Northeast,Khasi,Latin
City_776,Nagaland,Northeast,English,Latin
City_777,Punjab,North,Punjabi,Gurmukhi
City_778,Chhattisgarh,Central,Hindi,Devanagari
City_779,Karnataka,South,Kannada,Kannada
City_780,Chhattisgarh,Central,Hindi,Devanagari
City_781,Punjab,North,Punjabi,Gurmukhi
City_782,Chhattisgarh,Central,Hindi,Devanagari
City_783,Uttarakhand,North,Hindi,Devanagari
City_784,Uttar Pradesh,North,Hindi,Devanagari
City_785,Odisha,East,Odia,Odia
City_786,Karnataka,South,Kannada,Kannada
City_787,Mizoram,Northeast,Mizo,Latin
City_788,Himachal Pradesh,North,Hindi,Devanagari
City_789,Odisha,East,Odia,Odia
City_790,Tamil Nadu,South,Tamil,Tamil
City_791,Nagaland,Northeast,English,Latin
City_792,Manipur,Northeast,Meitei,Meitei Mayek
City_793,Bihar,East,Hindi,Devanagari
City_794,Jharkhand,East,Hindi,Devanagari
City_795,Bihar,East,Hindi,Devanagari
City_796,Rajasthan,North,Hindi,Devanagari
City_797,West Bengal,East,Bengali,Bengali
City_798,Kerala,South,Malayalam,Malayalam
City_799,Uttarakhand,North,Hindi,Devanagari
City_800,Tripura,Northeast,Bengali,Bengali
City_801,Uttar Pradesh,North,Hindi,Devanagari
City_802,Madhya Pradesh,Central,Hindi,Devanagari
City_803,Goa,West,Konkani,Devanagari
City_804,Maharashtra,West,Marathi,Devanagari
City_805,Assam,Northeast,Assamese,Bengali
City_806,Meghalaya,Northeast,Khasi,Latin
City_807,Uttarakhand,North,Hindi,Devanagari
City_808,Bihar,East,Hindi,Devanagari
City_809,Uttar Pradesh,North,Hindi,Devanagari
City_810,Sikkim,Northeast,Nepali,Devanagari
City_811,Meghalaya,Northeast,Khasi,Latin
City_812,Tamil Nadu,South,Tamil,Tamil
City_813,Mizoram,Northeast,Mizo,Latin
City_814,Tamil Nadu,South,Tamil,Tamil
City_815,Uttarakhand,North,Hindi,Devanagari
City_816,Madhya Pradesh,Central,Hindi,Devanagari
City_817,Himachal Pradesh,North,Hindi,Devanagari
City_818,Telangana,South,Telugu,Telugu
City_819,Nagaland,Northeast,English,Latin
City_820,Chhattisgarh,Central,Hindi,Devanagari
City_821,Goa,West,Konkani,Devanagari
City_822,Mizoram,Northeast,Mizo,Latin
City_823,Himachal Pradesh,North,Hindi,Devanagari
City_824,Bihar,East,Hindi,Devanagari
City_825,Tamil Nadu,South,Tamil,Tamil
City_826,Maharashtra,West,Marathi,Devanagari
City_827,Odisha,East,Odia,Odia
City_828,West Bengal,East,Bengali,Bengali
City_829,Tamil Nadu,South,Tamil,Tamil
City_830,Nagaland,Northeast,English,Latin
City_831,Jharkhand,East,Hindi,Devanagari
City_832,Sikkim,Northeast,Nepali,Devanagari
City_833,Kerala,South,Malayalam,Malayalam
City_834,Himachal Pradesh,North,Hindi,Devanagari
City_835,Uttar Pradesh,North,Hindi,Devanagari
City_836,Uttar Pradesh,North,Hindi,Devanagari
City_837,Kerala,South,Malayalam,Malayalam
City_838,West Bengal,East,Bengali,Bengali
City_839,Nagaland,Northeast,English,Latin
City_840,Sikkim,Northeast,Nepali,Devanagari
City_841,Uttar Pradesh,North,Hindi,Devanagari
City_842,Nagaland,Northeast,English,Latin
City_843,Uttar Pradesh,North,Hindi,Devanagari
City_844,Assam,Northeast,Assamese,Bengali
City_845,Assam,Northeast,Assamese,Bengali
City_846,Tripura,Northeast,Bengali,Bengali
City_847,Himachal Pradesh,North,Hindi,Devanagari
City_848,Nagaland,Northeast,English,Latin
City_849,Rajasthan,North,Hindi,Devanagari
City_850,Odisha,East,Odia,Odia
City_851,Rajasthan,North,Hindi,Devanagari
City_852,Tamil Nadu,South,Tamil,Tamil
City_853,Tripura,Northeast,Bengali,Bengali
City_854,Bihar,East,Hindi,Devanagari
City_855,Bihar,East,Hindi,Devanagari
City_856,Karnataka,South,Kannada,Kannada
City_857,Tamil Nadu,South,Tamil,Tamil
City_858,Himachal Pradesh,North,Hindi,Devanagari
City_859,Punjab,North,Punjabi,Gurmukhi
City_860,Maharashtra,West,Marathi,Devanagari
City_861,Punjab,North,Punjabi,Gurmukhi
City_862,Gujarat,West,Gujarati,Gujarati
City_863,Chhattisgarh,Central,Hindi,Devanagari
City_864,Chhattisgarh,Central,Hindi,Devanagari
City_865,Maharashtra,West,Marathi,Devanagari
City_866,Mizoram,Northeast,Mizo,Latin
City_867,Mizoram,Northeast,Mizo,Latin
City_868,West Bengal,East,Bengali,Bengali
City_869,Uttarakhand,North,Hindi,Devanagari
City_870,Andhra Pradesh,South,Telugu,Telugu
City_871,Tamil Nadu,South,Tamil,Tamil
City_872,Mizoram,Northeast,Mizo,Latin
City_873,Andhra Pradesh,South,Telugu,Telugu
City_874,Uttar Pradesh,North,Hindi,Devanagari
City_875,Goa,West,Konkani,Devanagari
City_876,Himachal Pradesh,North,Hindi,Devanagari
City_877,Jharkhand,East,Hindi,Devanagari
City_878,Madhya Pradesh,Central,Hindi,Devanagari
City_879,Sikkim,Northeast,Nepali,Devanagari
City_880,Madhya Pradesh,Central,Hindi,Devanagari
City_881,Uttar Pradesh,North,Hindi,Devanagari
City_882,Nagaland,Northeast,English,Latin
City_883,Rajasthan,North,Hindi,Devanagari
City_884,Maharashtra,West,Marathi,Devanagari
City_885,Telangana,South,Telugu,Telugu
City_886,Tripura,Northeast,Bengali,Bengali
City_887,Gujarat,West,Gujarati,Gujarati
City_888,Kerala,South,Malayalam,Malayalam
City_889,Maharashtra,West,Marathi,Devanagari
City_890,Kerala,South,Malayalam,Malayalam
City_891,Uttarakhand,North,Hindi,Devanagari
City_892,Maharashtra,West,Marathi,Devanagari
City_893,Uttarakhand,North,Hindi,Devanagari
City_894,Madhya Pradesh,Central,Hindi,Devanagari
City_895,Tripura,Northeast,Bengali,Bengali
City_896,Maharashtra,West,Marathi,Devanagari
City_897,Manipur,Northeast,Meitei,Meitei Mayek
City_898,Goa,West,Konkani,Devanagari
City_899,Kerala,South,Malayalam,Malayalam
City_900,Tamil Nadu,South,Tamil,Tamil
City_901,Meghalaya,Northeast,Khasi,Latin
City_902,Madhya Pradesh,Central,Hindi,Devanagari
City_903,Sikkim,Northeast,Nepali,Devanagari
City_904,Assam,Northeast,Assamese,Bengali
City_905,Tripura,Northeast,Bengali,Bengali
City_906,Himachal Pradesh,North,Hindi,Devanagari
City_907,Uttar Pradesh,North,Hindi,Devanagari
City_908,Karnataka,South,Kannada,Kannada
City_909,Assam,Northeast,Assamese,Bengali
City_910,Meghalaya,Northeast,Khasi,Latin
City_911,Himachal Pradesh,North,Hindi,Devanagari
City_912,Assam,Northeast,Assamese,Bengali
City_913,Himachal Pradesh,North,Hindi,Devanagari
City_914,Manipur,Northeast,Meitei,Meitei Mayek
City_915,Meghalaya,Northeast,Khasi,Latin
City_916,Uttar Pradesh,North,Hindi,Devanagari
City_917,Maharashtra,West,Marathi,Devanagari
City_918,Kerala,South,Malayalam,Malayalam
City_919,Nagaland,Northeast,English,Latin
City_920,Maharashtra,West,Marathi,Devanagari
City_921,Bihar,East,Hindi,Devanagari
City_922,Telangana,South,Telugu,Telugu
City_923,Telangana,South,Telugu,Telugu
City_924,Jharkhand,East,Hindi,Devanagari
City_925,Telangana,South,Telugu,Telugu
City_926,Tripura,Northeast,Bengali,Bengali
City_927,Madhya Pradesh,Central,Hindi,Devanagari
City_928,Goa,West,Konkani,Devanagari
City_929,Sikkim,Northeast,Nepali,Devanagari
City_930,Sikkim,Northeast,Nepali,Devanagari
City_931,Jharkhand,East,Hindi,Devanagari
City_932,Telangana,South,Telugu,Telugu
City_933,Mizoram,Northeast,Mizo,Latin
City_934,Jharkhand,East,Hindi,Devanagari
City_935,Punjab,North,Punjabi,Gurmukhi
City_936,Karnataka,South,Kannada,Kannada
City_937,Punjab,North,Punjabi,Gurmukhi
City_938,Karnataka,South,Kannada,Kannada
City_939,Meghalaya,Northeast,Khasi,Latin
City_940,Goa,West,Konkani,Devanagari
City_941,West Bengal,East,Bengali,Bengali
City_942,West Bengal,East,Bengali,Bengali
City_943,Uttarakhand,North,Hindi,Devanagari
City_944,Chhattisgarh,Central,Hindi,Devanagari
City_945,Tripura,Northeast,Bengali,Bengali
City_946,Tripura,Northeast,Bengali,Bengali
City_947,Nagaland,Northeast,English,Latin
City_948,Uttar Pradesh,North,Hindi,Devanagari
City_949,Uttarakhand,North,Hindi,Devanagari
City_950,Assam,Northeast,Assamese,Bengali
City_951,Mizoram,Northeast,Mizo,Latin
City_952,Nagaland,Northeast,English,Latin
City_953,Kerala,South,Malayalam,Malayalam
City_954,Tamil Nadu,South,Tamil,Tamil
City_955,Uttar Pradesh,North,Hindi,Devanagari
City_956,Odisha,East,Odia,Odia
City_957,Andhra Pradesh,South,Telugu,Telugu
City_958,Chhattisgarh,Central,Hindi,Devanagari
City_959,Rajasthan,North,Hindi,Devanagari
City_960,Maharashtra,West,Marathi,Devanagari
City_961,Himachal Pradesh,North,Hindi,Devanagari
City_962,Rajasthan,North,Hindi,Devanagari
City_963,Chhattisgarh,Central,Hindi,Devanagari
City_964,Bihar,East,Hindi,Devanagari
City_965,Odisha,East,Odia,Odia
City_966,Chhattisgarh,Central,Hindi,Devanagari
City_967,Goa,West,Konkani,Devanagari
City_968,Madhya Pradesh,Central,Hindi,Devanagari
City_969,Goa,West,Konkani,Devanagari
City_970,Mizoram,Northeast,Mizo,Latin
City_971,Madhya Pradesh,Central,Hindi,Devanagari
City_972,Meghalaya,Northeast,Khasi,Latin
City_973,Telangana,South,Telugu,Telugu
City_974,Jharkhand,East,Hindi,Devanagari
City_975,Himachal Pradesh,North,Hindi,Devanagari
City_976,Chhattisgarh,Central,Hindi,Devanagari
City_977,Karnataka,South,Kannada,Kannada
City_978,Tamil Nadu,South,Tamil,Tamil
City_979,Punjab,North,Punjabi,Gurmukhi
City_980,Himachal Pradesh,North,Hindi,Devanagari
City_981,West Bengal,East,Bengali,Bengali
City_982,Manipur,Northeast,Meitei,Meitei Mayek
City_983,Madhya Pradesh,Central,Hindi,Devanagari
City_984,Madhya Pradesh,Central,Hindi,Devanagari
City_985,Meghalaya,Northeast,Khasi,Latin
City_986,Mizoram,Northeast,Mizo,Latin
City_987,Rajasthan,North,Hindi,Devanagari
City_988,Chhattisgarh,Central,Hindi,Devanagari
City_989,Sikkim,Northeast,Nepali,Devanagari
City_990,Rajasthan,North,Hindi,Devanagari
City_991,Meghalaya,Northeast,Khasi,Latin
City_992,Maharashtra,West,Marathi,Devanagari
City_993,Bihar,East,Hindi,Devanagari
City_994,Chhattisgarh,Central,Hindi,Devanagari
City_995,Rajasthan,North,Hindi,Devanagari
City_996,Meghalaya,Northeast,Khasi,Latin
City_997,Tripura,Northeast,Bengali,Bengali
City_998,Gujarat,West,Gujarati,Gujarati
City_999,West Bengal,East,Bengali,Bengali
City_1000,Madhya Pradesh,Central,Hindi,Devanagari
City_1001,Sikkim,Northeast,Nepali,Devanagari
City_1002,Rajasthan,North,Hindi,Devanagari
City_1003,Telangana,South,Telugu,Telugu
City_1004,Madhya Pradesh,Central,Hindi,Devanagari
City_1005,Bihar,East,Hindi,Devanagari
City_1006,Uttarakhand,North,Hindi,Devanagari
City_1007,Chhattisgarh,Central,Hindi,Devanagari
City_1008,Kerala,South,Malayalam,Malayalam
City_1009,West Bengal,East,Bengali,Bengali
City_1010,Tripura,Northeast,Bengali,Bengali
City_1011,Madhya Pradesh,Central,Hindi,Devanagari
City_1012,Goa,West,Konkani,Devanagari
City_1013,Sikkim,Northeast,Nepali,Devanagari
City_1014,Uttar Pradesh,North,Hindi,Devanagari
City_1015,Assam,Northeast,Assamese,Bengali
City_1016,Gujarat,West,Gujarati,Gujarati
City_1017,Goa,West,Konkani,Devanagari
City_1018,Himachal Pradesh,North,Hindi,Devanagari
City_1019,Gujarat,West,Gujarati,Gujarati
City_1020,Mizoram,Northeast,Mizo,Latin
City_1021,Chhattisgarh,Central,Hindi,Devanagari
City_1022,Andhra Pradesh,South,Telugu,Telugu
City_1023,Goa,West,Konkani,Devanagari
City_1024,Himachal Pradesh,North,Hindi,Devanagari
City_1025,Bihar,East,Hindi,Devanagari
City_1026,Manipur,Northeast,Meitei,Meitei Mayek
City_1027,Goa,West,Konkani,Devanagari
City_1028,Karnataka,South,Kannada,Kannada
City_1029,Assam,Northeast,Assamese,Bengali
City_1030,West Bengal,East,Bengali,Bengali
City_1031,Odisha,East,Odia,Odia
City_1032,Bihar,East,Hindi,Devanagari
City_1033,Uttarakhand,North,Hindi,Devanagari
City_1034,Madhya Pradesh,Central,Hindi,Devanagari
City_1035,Karnataka,South,Kannada,Kannada
City_1036,Madhya Pradesh,Central,Hindi,Devanagari
City_1037,Mizoram,Northeast,Mizo,Latin
City_1038,Maharashtra,West,Marathi,Devanagari
City_1039,Madhya Pradesh,Central,Hindi,Devanagari
City_1040,Punjab,North,Punjabi,Gurmukhi
City_1041,Punjab,North,Punjabi,Gurmukhi
City_1042,Himachal Pradesh,North,Hindi,Devanagari
City_1043,Andhra Pradesh,South,Telugu,Telugu
City_1044,Tripura,Northeast,Bengali,Bengali
City_1045,Assam,Northeast,Assamese,Bengali
City_1046,Odisha,East,Odia,Odia
City_1047,Uttar Pradesh,North,Hindi,Devanagari
City_1048,Kerala,South,Malayalam,Malayalam
City_1049,Manipur,Northeast,Meitei,Meitei Mayek
City_1050,Chhattisgarh,Central,Hindi,Devanagari
City_1051,Maharashtra,West,Marathi,Devanagari
City_1052,Meghalaya,Northeast,Khasi,Latin
City_1053,Bihar,East,Hindi,Devanagari
City_1054,Kerala,South,Malayalam,Malayalam
City_1055,Uttar Pradesh,North,Hindi,Devanagari
City_1056,Goa,West,Konkani,Devanagari
City_1057,Tamil Nadu,South,Tamil,Tamil
City_1058,Nagaland,Northeast,English,Latin
City_1059,Mizoram,Northeast,Mizo,Latin
City_1060,Nagaland,Northeast,English,Latin
City_1061,Kerala,South,Malayalam,Malayalam
City_1062,Kerala,South,Malayalam,Malayalam
City_1063,Sikkim,Northeast,Nepali,Devanagari
City_1064,Jharkhand,East,Hindi,Devanagari
City_1065,Karnataka,South,Kannada,Kannada
City_1066,Telangana,South,Telugu,Telugu
City_1067,Meghalaya,Northeast,Khasi,Latin
City_1068,Sikkim,Northeast,Nepali,Devanagari
City_1069,Odisha,East,Odia,Odia
City_1070,Sikkim,Northeast,Nepali,Devanagari
City_1071,West Bengal,East,Bengali,Bengali
City_1072,Tripura,Northeast,Bengali,Bengali
City_1073,Punjab,North,Punjabi,Gurmukhi
City_1074,Uttar Pradesh,North,Hindi,Devanagari
City_1075,Karnataka,South,Kannada,Kannada
City_1076,Meghalaya,Northeast,Khasi,Latin
City_1077,Kerala,South,Malayalam,Malayalam
City_1078,Maharashtra,West,Marathi,Devanagari
City_1079,Manipur,Northeast,Meitei,Meitei Mayek
City_1080,Telangana,South,Telugu,Telugu
City_1081,Karnataka,South,Kannada,Kannada
City_1082,Madhya Pradesh,Central,Hindi,Devanagari
City_1083,Kerala,South,Malayalam,Malayalam
City_1084,Mizoram,Northeast,Mizo,Latin
City_1085,Himachal Pradesh,North,Hindi,Devanagari
City_1086,Meghalaya,Northeast,Khasi,Latin
City_1087,Kerala,South,Malayalam,Malayalam
City_1088,Tripura,Northeast,Bengali,Bengali
City_1089,Goa,West,Konkani,Devanagari
City_1090,Maharashtra,West,Marathi,Devanagari
City_1091,Madhya Pradesh,Central,Hindi,Devanagari
City_1092,Telangana,South,Telugu,Telugu
City_1093,Punjab,North,Punjabi,Gurmukhi
City_1094,Chhattisgarh,Central,Hindi,Devanagari
City_1095,Tripura,Northeast,Bengali,Bengali
City_1096,Bihar,East,Hindi,Devanagari
City_1097,Andhra Pradesh,South,Telugu,Telugu
City_1098,Uttar Pradesh,North,Hindi,Devanagari
City_1099,Kerala,South,Malayalam,Malayalam
City_1100,Chhattisgarh,Central,Hindi,Devanagari
City_1101,Mizoram,Northeast,Mizo,Latin
City_1102,Karnataka,South,Kannada,Kannada
City_1103,Tripura,Northeast,Bengali,Bengali
City_1104,Manipur,Northeast,Meitei,Meitei Mayek
City_1105,Tamil Nadu,South,Tamil,Tamil
City_1106,Manipur,Northeast,Meitei,Meitei Mayek
City_1107,Himachal Pradesh,North,Hindi,Devanagari
City_1108,Andhra Pradesh,South,Telugu,Telugu
City_1109,Madhya Pradesh,Central,Hindi,Devanagari
City_1110,Tamil Nadu,South,Tamil,Tamil
City_1111,Chhattisgarh,Central,Hindi,Devanagari
City_1112,Rajasthan,North,Hindi,Devanagari
City_1113,Kerala,South,Malayalam,Malayalam
City_1114,Uttar Pradesh,North,Hindi,Devanagari
City_1115,Telangana,South,Telugu,Telugu
City_1116,Karnataka,South,Kannada,Kannada
City_1117,Bihar,East,Hindi,Devanagari
City_1118,Telangana,South,Telugu,Telugu
City_1119,West Bengal,East,Bengali,Bengali
City_1120,Tamil Nadu,South,Tamil,Tamil
City_1121,Kerala,South,Malayalam,Malayalam
City_1122,Uttarakhand,North,Hindi,Devanagari
City_1123,Meghalaya,Northeast,Khasi,Latin
City_1124,Assam,Northeast,Assamese,Bengali
City_1125,Uttar Pradesh,North,Hindi,Devanagari
City_1126,Sikkim,Northeast,Nepali,Devanagari
City_1127,Assam,Northeast,Assamese,Bengali
City_1128,Andhra Pradesh,South,Telugu,Telugu
City_1129,Maharashtra,West,Marathi,Devanagari
City_1130,Bihar,East,Hindi,Devanagari
City_1131,Punjab,North,Punjabi,Gurmukhi
City_1132,Maharashtra,West,Marathi,Devanagari
City_1133,Manipur,Northeast,Meitei,Meitei Mayek
City_1134,Tamil Nadu,South,Tamil,Tamil
City_1135,Uttar Pradesh,North,Hindi,Devanagari
City_1136,Odisha,East,Odia,Odia
City_1137,Himachal Pradesh,North,Hindi,Devanagari
City_1138,Odisha,East,Odia,Odia
City_1139,Telangana,South,Telugu,Telugu
City_1140,Madhya Pradesh,Central,Hindi,Devanagari
City_1141,Meghalaya,Northeast,Khasi,Latin
City_1142,Kerala,South,Malayalam,Malayalam
City_1143,Sikkim,Northeast,Nepali,Devanagari
City_1144,West Bengal,East,Bengali,Bengali
City_1145,Himachal Pradesh,North,Hindi,Devanagari
City_1146,Uttar Pradesh,North,Hindi,Devanagari
City_1147,Andhra Pradesh,South,Telugu,Telugu
City_1148,Uttarakhand,North,Hindi,Devanagari
City_1149,Rajasthan,North,Hindi,Devanagari
City_1150,Nagaland,Northeast,English,Latin
City_1151,Meghalaya,Northeast,Khasi,Latin
City_1152,Telangana,South,Telugu,Telugu
City_1153,Odisha,East,Odia,Odia
City_1154,Maharashtra,West,Marathi,Devanagari
City_1155,Andhra Pradesh,South,Telugu,Telugu
City_1156,West Bengal,East,Bengali,Bengali
City_1157,West Bengal,East,Bengali,Bengali
City_1158,Tamil Nadu,South,Tamil,Tamil
City_1159,Punjab,North,Punjabi,Gurmukhi
City_1160,Mizoram,Northeast,Mizo,Latin
City_1161,Punjab,North,Punjabi,Gurmukhi
City_1162,Telangana,South,Telugu,Telugu
City_1163,Odisha,East,Odia,Odia
City_1164,Uttar Pradesh,North,Hindi,Devanagari
City_1165,Rajasthan,North,Hindi,Devanagari
City_1166,West Bengal,East,Bengali,Bengali
City_1167,Nagaland,Northeast,English,Latin
City_1168,Uttar Pradesh,North,Hindi,Devanagari
City_1169,Uttar Pradesh,North,Hindi,Devanagari
City_1170,Tripura,Northeast,Bengali,Bengali
City_1171,Rajasthan,North,Hindi,Devanagari
City_1172,Chhattisgarh,Central,Hindi,Devanagari
City_1173,Karnataka,South,Kannada,Kannada
City_1174,Goa,West,Konkani,Devanagari
City_1175,Bihar,East,Hindi,Devanagari
City_1176,Assam,Northeast,Assamese,Bengali
City_1177,Goa,West,Konkani,Devanagari
City_1178,Uttarakhand,North,Hindi,Devanagari
City_1179,Punjab,North,Punjabi,Gurmukhi
City_1180,Punjab,North,Punjabi,Gurmukhi
City_1181,Gujarat,West,Gujarati,Gujarati
City_1182,Punjab,North,Punjabi,Gurmukhi
City_1183,Rajasthan,North,Hindi,Devanagari
City_1184,Tripura,Northeast,Bengali,Bengali
City_1185,Kerala,South,Malayalam,Malayalam
City_1186,Tamil Nadu,South,Tamil,Tamil
City_1187,Sikkim,Northeast,Nepali,Devanagari
City_1188,Madhya Pradesh,Central,Hindi,Devanagari
City_1189,Tamil Nadu,South,Tamil,Tamil
City_1190,Goa,West,Konkani,Devanagari
City_1191,Himachal Pradesh,North,Hindi,Devanagari
City_1192,Tamil Nadu,South,Tamil,Tamil
City_1193,Madhya Pradesh,Central,Hindi,Devanagari
City_1194,Sikkim,Northeast,Nepali,Devanagari
City_1195,Maharashtra,West,Marathi,Devanagari
City_1196,Rajasthan,North,Hindi,Devanagari
City_1197,Nagaland,Northeast,English,Latin
City_1198,Punjab,North,Punjabi,Gurmukhi
City_1199,Punjab,North,Punjabi,Gurmukhi
City_1200,Tripura,Northeast,Bengali,Bengali
